Title,Description,Status,Comments count,Timelogs count,Total loget time
1,1,open,0,0,"-1 day, 23:59:59.999990"
2,2,open,0,0,"-1 day, 23:59:59.999992"
3,3,open,0,0,"-1 day, 23:59:59.999991"
Task0,Task text 0,open,0,0,"-1 day, 23:59:59.999992"
Task1,Task text 1,open,0,0,"-1 day, 23:59:59.999993"
Task2,Task text 2,open,0,0,"-1 day, 23:59:59.999987"
Task3,Task text 3,open,0,0,"-1 day, 23:59:59.999993"
Task4,Task text 4,open,0,0,"-1 day, 23:59:59.999993"
Task5,Task text 5,open,0,0,"-1 day, 23:59:59.999993"
Task6,Task text 6,open,0,0,"-1 day, 23:59:59.999992"
Task7,Task text 7,open,0,0,"-1 day, 23:59:59.999992"
Task8,Task text 8,open,0,0,"-1 day, 23:59:59.999993"
Task9,Task text 9,open,0,0,"-1 day, 23:59:59.999993"
Task10,Task text 10,open,0,0,"-1 day, 23:59:59.999993"
Task11,Task text 11,open,0,0,"-1 day, 23:59:59.999995"
Task12,Task text 12,open,0,0,"-1 day, 23:59:59.999995"
Task13,Task text 13,open,0,0,"-1 day, 23:59:59.999996"
Task14,Task text 14,open,0,0,"-1 day, 23:59:59.999995"
Task15,Task text 15,open,0,0,"-1 day, 23:59:59.999996"
Task16,Task text 16,open,0,0,"-1 day, 23:59:59.999996"
Task17,Task text 17,open,0,0,"-1 day, 23:59:59.999996"
Task18,Task text 18,open,0,0,"-1 day, 23:59:59.999994"
Task19,Task text 19,open,0,0,"-1 day, 23:59:59.999995"
Task20,Task text 20,open,0,0,"-1 day, 23:59:59.999996"
Task21,Task text 21,open,0,0,"-1 day, 23:59:59.999997"
Task22,Task text 22,open,0,0,"-1 day, 23:59:59.999996"
Task23,Task text 23,open,0,0,"-1 day, 23:59:59.999996"
Task24,Task text 24,open,0,0,"-1 day, 23:59:59.999997"
Task25,Task text 25,open,0,0,"-1 day, 23:59:59.999997"
Task26,Task text 26,open,0,0,"-1 day, 23:59:59.999996"
Task27,Task text 27,open,0,0,"-1 day, 23:59:59.999996"
Task28,Task text 28,open,0,0,"-1 day, 23:59:59.999997"
Task29,Task text 29,open,0,0,"-1 day, 23:59:59.999997"
Task30,Task text 30,open,0,0,"-1 day, 23:59:59.999997"
Task31,Task text 31,open,0,0,"-1 day, 23:59:59.999997"
Task32,Task text 32,open,0,0,"-1 day, 23:59:59.999997"
Task33,Task text 33,open,0,0,"-1 day, 23:59:59.999997"
Task34,Task text 34,open,0,0,"-1 day, 23:59:59.999996"
Task35,Task text 35,open,0,0,"-1 day, 23:59:59.999996"
Task36,Task text 36,open,0,0,"-1 day, 23:59:59.999990"
Task37,Task text 37,open,0,0,"-1 day, 23:59:59.999997"
Task38,Task text 38,open,0,0,"-1 day, 23:59:59.999997"
Task39,Task text 39,open,0,0,"-1 day, 23:59:59.999996"
Task40,Task text 40,open,0,0,"-1 day, 23:59:59.999997"
Task41,Task text 41,open,0,0,"-1 day, 23:59:59.999997"
Task42,Task text 42,open,0,0,"-1 day, 23:59:59.999996"
Task43,Task text 43,open,0,0,"-1 day, 23:59:59.999994"
Task44,Task text 44,open,0,0,"-1 day, 23:59:59.999993"
Task45,Task text 45,open,0,0,"-1 day, 23:59:59.999993"
Task46,Task text 46,open,0,0,"-1 day, 23:59:59.999993"
Task47,Task text 47,open,0,0,"-1 day, 23:59:59.999994"
Task48,Task text 48,open,0,0,"-1 day, 23:59:59.999995"
Task49,Task text 49,open,0,0,"-1 day, 23:59:59.999997"
